"1	what  thorax ct show?	ATM-02-80-g002	in  right breast"
"2	where   ct show  hematoma?	AJNS-8-48-g001	a liver hemangioma with abdominal pain"
"3	what   ct show?	1477-7819-2-41-1	 lesion extending  ankle joint and  anterior soft tissue"
"4	what   mri show?	iranjradiol-10-99-g001	right lower lobe scarring and left upper lobe small nodules with focal pleural thickening"
"5	what   ct of  chest show?	Tanaffos-10-072-g001	 lung nodules"
"6	what   high resolution ct of  chest show?	40064_2015_1079_Fig1_HTML	 presence of hemoperitoneum and a perisplenic hematoma"
"7	what   3d ct image show?	JETS-8-119-g001	outgrowth osteophytes covering  anterior side of  vertebrae as well as local ossification of  posterior longitudinal ligament"
"8	what   axial ct show?	kjs-9-137-g005	in  femoral inter condylar notch"
"9	where is  lesion located?	SNI-3-37-g001	an intra cardiac mass in  anterior side of  right atrial wall encasing a right coronary artery"
"10	what   ct angiogram show within  tumor?	JPN-5-1-g005	an abscess"
"11	what is  lesion consistent with?	1752-1947-5-362-1	 toothbrush spanning  nasopharynx and oropharynx"
"12	what   post contrast abdomen ct show?	PG-9-24107-g002	mri"
"13	what   axial section of mri of cervical spine show (arrow)?	AIAN-15-51-g002	a liver hemangioma with abdominal pain"
"14	what   ct show?	1752-1947-4-216-1	on  right side"
"15	where is  seminal vesicle located?	IJU-27-137-g001	polycyclic neck mass closely adjacent to laryngeal cartilages"
"16	what   ct show around  heart?	LI-30-148-g003	3 cm in diameter"
"17	what is  size of  mass?	1757-1626-2-9325-1	right lower lobe scarring and left upper lobe small nodules with focal pleural thickening"
"18	what   ct of  chest show?	cro-0008-0142-g01	enhancing soft tissue thickening in right epidural space corresponding to metabolic activity seen on fdg pet ct image"
"19	what   t1 weighted sagittal post contrast mri image show?	JCIS-5-18-g015	a liver hemangioma with abdominal pain"
"20	what   ct show?	LI-26-130-g002	within  muscles of  right cheek"
"21	where is  soft tissue mass extending beyond?	jmdh-8-109Fig2	ruptured artery supplying  interpole"
"22	what   ct urogram show?	WJNM-10-20-g003	unilocular subcapsular fluid filled collection in  right lobe of  liver"
"23	what   abdominal ct show?	JCDR-3-36-g002	an irregularly enhancing mass in  right medial temporal lobe anteriorly in  close proximity to  cavernous sinus and oculomotor nerve"
"24	what structure   lesion infiltrate?	rju14602	brain"
"25	what is this mri showing?	FVVinObGyn-3-135-149-g008	multiple demyelinating plaques"
"26	what   brain mri show (white arrows)?	IJPD-21-256-g001	tearing"
"27	what  this axial t2 mri image at  craniocervical junction show?	SNI-3-26-g002	axial cut of repeat cervical spine"
"28	what is this ct showing?	1757-1626-3-57-2	without signal intensity"
"29	what structures are shown to be deviated?	ABR-1-23-g001	2"
"30	what is seen in  center of  trachea?	kjae-58-197-g002	a liver hemangioma with abdominal pain"
"31	what   ct show?	rju12901	an extradural mass in  left posterolateral spinal canal at  l5 s1 level"
"32	what   mri show (white arrow)?	IDOJ-4-43-g004	a liver hemangioma with abdominal pain"
"33	where   ct show?	1757-1626-1-84-1	an extradural mass in  left posterolateral spinal canal at  l5 s1 level"
"34	what   axial t2wi mri show?	IJRI-23-258-g006	unilocular subcapsular fluid filled collection in  right lobe of  liver"
"35	what   abdominal ct show?	cro-0005-0030-g01	multiple bilaterally diffused opacities giving  picture of bud in tree"
"36	  ct image indicate mechanical obstruction of  bowel?	crg-0006-0425-g01	 urinary bladder free of any masses"
"37	what  ct show int he diaphragmatic hernia?	1749-7922-8-2-3	of  abdomen"
"38	is this a normal ct?	1471-2334-11-358-1	bilateral symmetric increased signal within  anterior horn"
"39	what   magnetic resonance image show?	12887_2015_356_Fig3_HTML	 lesion"
"40	what   post contrast axial ct image show hypodense mural thickening of?	can-4-193f1	 accessory hemiazygous"
"41	Is  superior mesenteric artery lumen normal?	ymj-52-859-g001	mri sagittal T1 sequence with gadolinium"
"42	what type of image is this?	JCIS-5-18-g012	good expansion of  residual lobes"
"43	what   chest ct show?	1757-1626-0002-0000008070-003	mri sagittal T1 sequence with gadolinium"
"44	what type of image is this?	1752-1947-5-342-3	lesion at tail of pancreas"
"45	what  mri show?	12957_2014_1855_Fig1_HTML	head of pancreas"
"46	where could  mass be arising from?	can-7-289fig1	actual bleeding"
"47	what is  abdominal ct showing?	SaudiMedJ-36-252-g001	mri sagittal T1 sequence with gadolinium"
"48	what kind of mri view is this?	JCIS-5-18-g015	t2 weighted brain mri"
"49	Does  mass show absence or presence of cystic degeneration?	1757-1626-2-9325-3	anterior thymus"
"50	which artery is  ischemic stroke associated with?	HV-13-149-g001	a marked pancreatic ductal dilatation with large intraductal calcifications"
"51	Is this a contrast imaging study?	NAJMS-4-520-g002	a liver hemangioma with abdominal pain"
"52	what   ct show?	rju07803	outside  dose grid region"
"53	in which lung is  consolidation seen?	13017_2015_6_Fig1_HTML	30 mm in diameter"
"54	what is  longest diameter of  mass?	kjim-19-1-62-12f1	without recurrence"
"55	asides from  tumor	1758-3284-3-37-4	left lamellar concha"
"56	what   coronal ct show?	1758-3284-3-37-4	restricted diffusion in midbrain"
"57	what  flair imaging and diffusion weighted imaging show?	crn0003-0252-f01	a liver hemangioma with abdominal pain"
"58	what   ct show?	JIAPS-15-104-g001	absence of talar avn"
"59	what   t1 weighted axial mri image show?	JCIS-5-18-g012	extensive marrow infiltration of spine and pelvic bone and collapse of c3"
"60	what  this  lumbar spine mri show?	kjs-9-300-g001	pseudomyxoma peritonei with mucin septations"
"61	what   ct on abdomen show?	ic-46-261-g001	mri sagittal T1 sequence with gadolinium"
"62	what kind of ct image is this?	SNI-4-144-g008	into  right chest and mediastinum"
"63	where  ct of brain show symmetric calcification?	JNSBM-3-90-g003	confluent nodular opacities and ground glass areas"
"64	what  ct of  thorax show?	ASJSM-1-223-g002	hydrocephalus"
"65	what   sagittal mri of  cervical spine show?	1757-1626-1-416-2	a large fluid collection"
"66	what is this ct showing distended?	1757-1626-3-57-2	sphenoid sinus hypoplasia with cystic fibrosis"
"67	what   ct of  sinuses show?	1752-1947-0003-0000008496-4	 adjacent facet"
"68	what did  lesion erode?	rt-2013-3-e33-g003	outside  dose grid region"
"69	how is  abnormality in  spinal cord shown?	IJNL-12-069-g001	ct of neck"
"70	what is  sac-like organ show in this image?	IJRI-20-135-g003	loculated fluid collection contiguous with  gluteus medius and pyriformis muscles"
"71	what   mri of  cervical spine show?	SAS-1-2007-0114-CR-g004	an abscess"
"72	what are  hyperintense lesions consistent with?	jkms-21-958-g001	a solid tumor mass in  right kidney"
"73	what   ct of  abdomen show?	1757-1626-0002-0000006331-001	a cirrhotic liver with a hypointense lesion in  caudate lobe of liver"
"74	who   mri spine show?	JGID-4-184-g001	ct"
"75	what   mri (axial and sagittal views) show?	IJPC-15-159-g001	hepatoma in segment vi"
"76	what  plain and contrast ct images show?	gou017f2	a liver hemangioma with abdominal pain"
"77	what   ct show?	AJNS-6-121-g001	extra kidney"
"78	what   reconstructed chest ct show (arrows)?	s12245-014-0040-5-3	 lesion extending  ankle joint and  anterior soft tissue"
"79	what   mri show?	fneur-06-00062-g006	a liver hemangioma with abdominal pain"
"80	what   ct show?	AJNS-8-48-g001	an extradural mass in  left posterolateral spinal canal at  l5 s1 level"
"81	what   coronal mri show?	1752-1947-6-43-1	atlantooccipital fusion and fusion of  c4 c6 vertebrae"
"82	what   sagittal t2w mri image of  cervical spine show?	IJRI-20-202-g001	labral tear"
"83	what anatomy is shown in  mri?	pntd.0003679.g008	 dysplastic of axis body"
"84	what   axial mri of  cervical spine show?	1757-1626-1-416-1	bone marrow edema adjacent to  fibro-cartilage coalition"
"85	what anatomical structure show hyperintensity in this axial t2w mri of  brain?	IJRI-20-195-g001	a well circumscribed nodule composed of clustered cysts in  left upper lobe"
"86	what aneurysm show leakage of  contrast-enhanced blood?	1749-7922-2-34-1	multiple demyelinating plaques"
"87	what   brain mri show?	jkms-26-951-g003	 mass effect with right subfalcine herniation"
"88	what    ct show?	jsls-5-4-313-g01	 urinary bladder is compressed bilaterally by two thin walled fluid collections within  pelvis"
"89	what   contrast enhanced ct abdomen and pelvis show?	IJU-29-142-g003	in  femoral inter condylar notch"
"90	how is  pancreas shaped like?	crg-0009-0056-g01	a signal void brain lesion in  left trigone area"
"91	what   coronal t2 weighted mri image of  right knee show?	1471-2385-5-2-1	a liver hemangioma with abdominal pain"
"92	what   ct show?	SNI-3-37-g001	 sarcoma arising from right ventricle outflow tract to both  right and left pulmonary artery"
"93	what  cardiac mri show?	CCR-6-134_F1	an extradural mass in  left posterolateral spinal canal at  l5 s1 level"
"94	what   abdominal mri show?	1757-1626-2-9325-2	an echodense right atrial mass concerning for malignancy"
"95	what  t2 weighted mri image show (arrow)?	kjhbps-16-75-g001	multiple bilaterally diffused opacities giving  picture of bud in tree"
"96	what   axial ct image of  pelvis show?	rjv03503	multiple liver abscesses"
"97	what  coronal T1-weighted mri show?	jmdh-8-109Fig2	luminal high density in gallbladder"
"98	what  enhanced ct show?	pjms-30-216-g001	in  femoral inter condylar notch"
"99	where is  lesion located?	iranjradiol-10-99-g001	no"
"100	is re a lymph node enlargement visible?	kjim-18-1-45-8f2	mri at age 35"
"101	what condition is visible with hyperintensities in bilateral thalami?	IJCCM-18-453-g001	a solid tumor mass in  right kidney"
"102	what   mri of  abdomen show?	cpe-17-061-g002	 angle between  transepicondylar axis and  femoral component"
"103	what is seen on  ct (red arrow)?	1757-1626-0002-0000008176-003	a high density structure shaped like a nut shell in  small bowel"
"104	what   enhanced ct of  abdomen and pelvis show?	crg0005-0602-f01	a liver hemangioma with abdominal pain"
"105	what   ct show?	IJMR-137-815-g002	 lesion extending  ankle joint and  anterior soft tissue"
"106	what   mri show?	tropmed-87-381-g001	 localization and expansion of  bone cyst originating from c7"
"107	what   mri spine show at multiple levels?	JGID-4-184-g001	 anterior maxilla"
"108	what organ is  mass deviating?	IJPD-23-121-g001	hyperintensity in  midbrain and hypothalamus"
"109	what  t2w axial mri image show?	IDOJ-2-31-g004	3 cm in diameter"
"110	what is  size of  mass?	1477-7819-6-50-1	absence of talar avn"
"111	what   mri t1 weighted image show?	alm-33-379-g001	hyperintensity in  right optic nerve head"
"112	what   mri brain show obliteration of?	JNRP-1-23-g001	no"
"113	are re any signs of ischemic injury in this image?	fneur-06-00062-g006	a large heterogeneous mass in  left half of  retroperitoneum with a fatty component posteriorly"
"114	what  coronal contrast-enhanced ct show?	IJRI-21-176-g008	ruptured artery supplying  interpole"
"115	what   ct pulmonary angiography scan show?	IJCCM-13-163-g002	in  femoral inter condylar notch"
"116	where is  tumor located?	13104_2014_3305_Fig2_HTML	unilocular subcapsular fluid filled collection in  right lobe of  liver"
"117	what   abdominal ct show?	kjim-18-1-45-8f2	 gross distension of  stomach and  duodenum"
"118	what is  anatomy in this ct?	cro-0007-0039-g01	 interconnected pore structure"
"119	what is  disease shown in  brain mri?	Tanaffos-13-043-g002	a liver hemangioma with abdominal pain"
"120	what   ct show?	rju12901	mri sagittal T1 sequence with gadolinium"
"121	what kind of mri view is this?	JCIS-5-18-g012	a liver hemangioma with abdominal pain"
"122	what   ct show?	1752-1947-5-342-2	through  fascial defect at  left superior lumbar triangle"
"123	  ct show evidence of a mass or lymphadenopathy?	Tanaffos-10-072-g001	in right kidney"
"124	  axial ct show calcification?	JCIS-1-51-g017	 size of  renal mass and  thrombus"
"125	what  ct imaging of  abdomen show?	crg-0006-0425-g01	 angle between  transepicondylar axis and  femoral component"
"126	what is seen on  contrast-enhanced ct?	UA-5-309-g003	symmetric"
"127	what   coronal t2 mri of  brain show?	tisb-2-e29431-g1	intrathoracic portosystemic collateral in  form of dilated paraesophageal veins in a case of cirrhosis"
"128	what   axial contrast-enhanced ct show?	IJRI-21-176-g003	ruptured artery supplying  interpole"
"129	what   ct angiogram show?	SNI-4-144-g008	 lesion extending  ankle joint and  anterior soft tissue"
"130	what   mri show?	HV-13-149-g001	a cirrhotic liver with a hypointense lesion in  caudate lobe of liver"
"131	where   mri peritoneography show irregularity?	ndtplussfq203f01_ht	an heterologous cranioplasty"
"132	is  tumor associated with skullbase infiltration?	1758-3284-3-37-4	a liver hemangioma with abdominal pain"
"133	what   ct show?	cro-0007-0039-g01	arrows in  ct abdomen"
"134	what or structures are affected by  tumor?	1758-3284-3-37-3	hyperintensity in  midbrain and hypothalamus"
"135	what  t2w axial mri image show?	IDOJ-2-31-g003	in  femoral inter condylar notch"
"136	where is  tumour located?	1757-1626-0002-0000008585-002	a high density structure shaped like a nut shell in  small bowel"
"137	what   enhanced ct of  abdomen and pelvis show?	crg0005-0602-f01	through  lower chest wall"
"138	where is a soft-tissue mass originating from?	1752-1947-5-451-3	between 2 and 5 cm"
"139	what is are  anatomical structures in  ct?	1746-160X-2-28-1	a liver hemangioma with abdominal pain"
"140	what   ct show?	pone.0104170.g004	ct abdomen"
"141	where   ct pulmonary angiography scan show filling defects (white arrow)?	IJCCM-13-163-g002	a liver hemangioma with abdominal pain"
"142	what   ct show?	LI-26-130-g002	in  white matter of both hemispheres"
"143	where are  lung nodules distributed?	2049-6958-8-5-1	a large right sided perinephric fluid collection"
"144	what   contrast enhanced ct of abdomen show?	kjr-15-655-g001	in  white matter of both hemispheres"
"145	where are  lesions located (arrows)?	1752-1947-5-137-2	pseudomyxoma peritonei with mucin septations"
"146	what   ct of abdomen show?	JETS-5-344-g001	13 cm in diameter"
"147	what is  size of  para-aortic mass?	JCDR-3-36-g002	30 mm in diameter"
"148	what is  size (diameter) of  mass?	1752-1947-5-337-1	 fusion defect"
"149	what has infiltrated  underlying medial chest wall?	iranjradiol-09-212-g003	heterogenously enhancing suprarenal lesion with areas of necrosis"
"150	what  contrast enhanced chest ct show?	kjh-47-163-g010	a cirrhotic liver with a hypointense lesion in  caudate lobe of liver"
"151	what   sagittal mri image show (arrows)?	medi-94-e0962-g003	 lesion extending  ankle joint and  anterior soft tissue"
"152	what   mri show?	1749-799X-4-40-7	in  left trigone area"
"153	where   diffusion weighted mri show a high signal intensity lesion?	crn-0004-0107-g01	a liver hemangioma with abdominal pain"
"154	what   ct show?	crg0002-0356-f01	a liver hemangioma with abdominal pain"
"155	what   ct show?	rjv05002	a liver hemangioma with abdominal pain"
"156	what   ct show?	jkms-23-142-g001	a liver hemangioma with abdominal pain"
"157	what   ct show?	LI-30-148-g003	 lesion extending  ankle joint and  anterior soft tissue"
"158	what   mri show?	OL-06-03-0655-g00	 presence of a soft tissue mass arising within  muscles of  right cheek"
"159	what  axial ct show?	rjt01101	A seroma"
"160	what structure is seen in  hernia (arrow)?	JETS-5-344-g001	a bony mass in  left maxillary antrum"
"161	what  ct show?	crg-0009-0056-g01	that mass is pressing  superior vena cava"
"162	what  this chest ct show?	SJA-7-347-g001	 temporal bone"
"163	what is this ct image of?	1752-1947-5-451-3	atrophy of  entire cerebellum"
"164	what  ct of brain show?	JNSBM-3-90-g002	 hematoma in  left aspect of  spinal canal"
"165	what  lumbar mri show?	PAMJ-17-217-g001	bilateral symmetric increased signal within  anterior horn"
"166	what   magnetic resonance image show?	1752-1947-6-172-1	mri sagittal T1 sequence with gadolinium"
"167	what kind of imaging scan is this?	1757-2215-6-27-2	only minimal left enophthalmos"
"168	what  this ct image show?	1470-7330-14-21-4	herniated in  lower right anterior mediastinum"
"169	where  ct show  lesions?	1476-0711-3-16-2	a liver hemangioma with abdominal pain"
"170	what   ct show?	1472-6815-6-3-1	a liver hemangioma with abdominal pain"
"171	what   ct show?	DRJ-8-114-g004	 edematous wall of  intussuscipiens and  mass around  invaginating mesenteric fat"
"172	what   coronal ct image of  abdomen show?	rjv03501	huge heterogeneously enhancing mass with some necrotic foci"
"173	where are  poorly defined hypointense masses located (white arrows)?	cde0002-0110-f02	hyperintensity in  right optic nerve head"
"174	what   saggital mri brain show?	IJOEM-14-78-g002	markedly decreased size of psudomeningocele"
"175	what  magnetic resonance angiogram show?	IJPS-43-84-g003	an heterologous cranioplasty"
"176	is  lesion attached to adjacent bones?	1757-1626-2-9341-2	an extradural mass in  left posterolateral spinal canal at  l5 s1 level"
"177	what   mri show (white arrow)?	IJU-27-137-g001	a liver hemangioma with abdominal pain"
"178	what   ct show?	1471-2466-14-65-1	 interconnected pore structure"
"179	at what level is  laminectomy defect?	JCVJS-2-57-g002	irregular dilatation of common bile"
"180	what  this ct show?	1471-2466-14-65-3	 mass effect with right subfalcine herniation"
"181	what   brain ct show?	IJNL-12-121-g001	a liver hemangioma with abdominal pain"
"182	what   ct show?	1757-1626-0002-0000008176-004	labral tear"
"183	what anatomy is shown in  mri?	1752-1947-5-552-2	 abdominal ct"
"184	what structure is calcified?	gou017f2	 tracings of all four subregions of insula"
"185	what   coronal section of mri show?	13256_2014_3030_Fig3_HTML	no abnormalities"
"186	who  brain mri flaire image show?	ijcn-9-107-g001	bilateral symmetric increased signal within  anterior horn"
"187	what   magnetic resonance image show?	TOORTHJ-2-19_F1B	on  right side"
"188	where is  pleural effusion located?	s12245-014-0040-5-2	mri sagittal T1 sequence with gadolinium"
"189	what kind of ct image is this?	40064_2015_1157_Fig2_HTML	an enlarged rounded right level ii node with necrotic foci and ill defined margins"
"190	what  Contrast enhanced ctA show (arrow)?	pone.0104170.g004	The position of treatment couch removed"
"191	what condition is seen in  basal cisterns?	AIAN-16-88-g001	well defined non homogenous density mass with central necrosis in lower part of mediastinum"
"192	what   ct of  thorax show?	2047-783X-18-7-1	 lesion extending  ankle joint and  anterior soft tissue"
"193	what   mri show?	cln-66-04-691-g003	mri sagittal T1 sequence with gadolinium"
"194	what kind of ct view is this?	IJRI-21-215-g002	in  posteromedial aspect of  knee and calf"
"195	where  axial mri show a hyperintense cystic lesion?	JGID-7-122-g003	high resolution ct of  chest"
"196	what condition  lesions suggest?	1752-1947-6-172-2	contrast enhanced ct"
"197	what   coronal contrast enhanced chest ct show (arrow)?	JCIS-2-55-g004	 interconnected pore structure"
"198	what is  ct image suggestive of?	1754-9493-5-2-5	osteolysis of  right condylar head"
"199	what   contrast enhancement indicate?	JNRP-3-95-g002	in  femoral inter condylar notch"
"200	where is  tumor located?	isd-41-107-g003	abdominal mri"
"201	what could  multiple hyperdense soft tissue nodules be?	jsls-13-1-73-g01	aneurysm affecting  main pulmonary artery"
"202	what   ct show (arrow)?	1757-1626-2-9325-1	multiple cavitary and non cavitary lung nodules"
"203	what  chest ct show?	1746-1596-8-134-1	enhancing lesions"
"204	what is displaced by  anterior mediastinum?	APC-4-68-g001	only minimal left enophthalmos"
"205	what  this ct image show?	1757-1626-2-9106-2	a liver hemangioma with abdominal pain"
"206	what   ct show ?	cancers-03-01253f2	ossified extremities of  bigger fetus"
"207	what   contrast enhanced pelvic ct show?	kjh-47-163-g012	 globe inferiorly"
"208	what is  large retroperitoneal mass displacing?	1752-1947-5-337-2	third ectopic thyroid enhancing lesion at  base of tongue"
"209	what anatomical structure is show in  ct image?	kja-16-83-g002	complete resection of  aneurysm"
"210	what   transverse ct image show?	kjr-8-120-g004	 right hemisphere"
"211	what organ is on  right side of  image?	SJA-7-347-g002	 lesion extending  ankle joint and  anterior soft tissue"
"212	what   mri show?	PAMJ-18-205-g001	a preoperative mri scan"
"213	what anatomical structures show hyperintensity in this axial t2w mri of  brain?	IJRI-20-195-g001	symmetric"
"214	what   mri of  brain show?	1752-1947-3-9329-4	anomalous vessels arising from  descending aorta"
"215	what   ct axial view show ?	rju10003	arrows in  ct abdomen"
"216	in what structure are  lesions found?	tm-01-195-e002	a large pituitary adenoma responsible for visual loss in both eyes"
"217	 this mri show brainstem edema?	jkms-21-958-g004	irregular dilatation of common bile"
"218	what  this ct show?	APC-4-68-g001	of inguinal lymph nodes"
"219	what   ct image show  presence of?	medi-94-e540-g001	 presence of hemoperitoneum and a perisplenic hematoma"
"220	what   ct image show?	JETS-8-119-g002	multiple well circumscribed cysts with presence of scolex"
"221	what  mri of  heart show?	1752-1947-1-21-1	in  femoral inter condylar notch"
"222	what is  hyperintensity located?	IJRI-20-202-g001	 caudal end of  lesion"
"223	what   axial section of  ct of  neck show?	0392-100X-30-313-g001	good expansion of  residual lobes"
"224	what   chest ct show?	jkms-21-946-g002	in  inferior vena cava"
"225	where   ct of  chest show a crescent shaped lucency?	LI-26-95-g004	in  femoral inter condylar notch"
"226	where is  lesion located?	IJNL-12-121-g001	multiple demyelinating plaques"
"227	what   brain mri flair show?	PAMJ-12-12-g002	within  liver"
"228	where   ct of  abdomen show  lesions?	JIAPS-15-104-g001	an area of non enhancement in posterior cortex of left kidney"
"229	what   ct of brain show?	JNSBM-3-90-g003	 right sinus of Valsalva"
"230	what is  massive emphysema of  orbit leading to?	rjt01101	Hepatic hypervascular hemangioma with similar enhancement to  aorta and early enhancement of parenchyma adjacent to  lesion"
"231	what  ct without intravenous administration of contrast medium show?	1470-7330-14-21-5	intrathoracic portosystemic collateral in  form of dilated paraesophageal veins in a case of cirrhosis"
"232	what   contrast-enhanced ct show?	IJRI-20-294-g002	at  inferior section of both parietal lobes"
"233	  image show normal findings?	NAJMS-4-520-g002	an area of increased signal intensity compatible with myocardial fatty substitution"
"234	what  cerebral magnetic resonance show?	cp-2013-1-e4-g001	an irregularly enhancing mass in  right medial temporal lobe anteriorly in  close proximity to  cavernous sinus and oculomotor nerve"
"235	what   low signal density represent?	1752-1947-1-21-1	a liver hemangioma with abdominal pain"
"236	what   ct show?	1749-7922-8-2-3	ct of  abdomen"
"237	what sign of bowel obstruction is seen in  image?	crg-0006-0425-g01	heterogenously enhancing suprarenal lesion with areas of necrosis"
"238	what  contrast enhanced ct show?	IJPD-23-121-g001	solid tumors in  right cerebral peduncle and in  left occipital lobe with surrounding cerebral edema"
"239	what  axial ct and sagittal mri of  brain show?	JCHIMP-4-24811-g001	on  right side"
"240	where is  pleural effusion located?	crg-0006-0260-g01	 lesion extending  ankle joint and  anterior soft tissue"
"241	what   mri show?	SNI-6-424-g002	 lesion extending  ankle joint and  anterior soft tissue"
"242	what   mri show (arrows)?	medi-94-e861-g002	in  femoral inter condylar notch"
"243	where is  tumor located?	OL-06-03-0655-g00	significant tumor reduction"
"244	what  this dynamic contrast enhanced breast mri show?	cmo-2-2008-037f1a	loculated fluid collection contiguous with  gluteus medius and pyriformis muscles"
"245	what   mri of  cervical spine show?	SAS-1-2007-0114-CR-g003	branching hypodense lesions due to hepatic necrosis"
"246	what   ct of pancreas show?	1757-1626-1-84-1	an expansile"
"247	what   Axial HRct show?	IJRI-23-287-g024	abdominal ct"
"248	which structure is displaced anteriorly by  cerebrospinal fluid?	AJNS-9-108-g003	axial cut of repeat cervical spine"
"249	what is this ct of?	jls0041331610001	aneurysmal dilatation of descending arch of aorta"
"250	what  hrct thorax show?	LI-29-280-g003	calcifications within  pancreas"
"251	what is showed in  ct images?	1476-7120-8-33-2	aneurysmal dilatation of descending arch of aorta"
"252	what  ct thorax show?	IJEM-15-346-g002	 intensity changes in  bullet tract against C7-D2"
"253	what show  sagittal mri show?	SAS-1-2007-0114-CR-g002	 anterior bronchus of  right lower lob "
"254	what anatomical structure is  tumor compressing?	IJEM-16-304-g002	a fat density lesion with a hyperdense rim and fat stranding adjacent to  ascending colon"
"255	what   contrast enhanced mri show?	13104_2014_3305_Fig2_HTML	a severe diffuse lesion"
"256	 mri show venous infarction in  sagittal sinus?	IndianJOphthalmol-56-327-g002	a heterogeneous tumor involving  lower peritoneal cavity"
"257	what   t2 weighted sagittal mri show?	jkms-21-958-g001	enhancing lesions"
"258	what organ is compressed by  mass?	can-7-289fig1	good expansion of  residual lobes"
"259	what   chest ct show?	jkms-21-946-g002	marked progression of  subcutaneous metastases"
"260	what  enhanced abdominal ct show?	kjh-47-163-g011	only minimal left enophthalmos"
"261	 this image show midline shift?	IJPC-15-159-g001	bilateral basal bullous emphysema"
"262	what   ct thorax show?	IJA-53-482-g001	 presence of hemoperitoneum and a perisplenic hematoma"
"263	what   ct image show?	jls0011127030001	collection in  gall bladder fossa closely resembling a normal gallbladder appearance"
"264	what   abdominopelvic ct image show?	can-7-289fig1	thrombosed right ovarian vein"
"265	what   abdominal ct show (arrow)?	ymj-52-859-g001	a signal void brain lesion in  left trigone area"
"266	what   axial mri t1 weighted image show?	JNRP-6-286-g003	in  femoral inter condylar notch"
"267	where is  lesion located?	1477-7819-3-62-2	 case of a tuberculum sellae meningioma"
"268	what   mri scan show?	tm-02-36-e008	 anterior maxilla"
"269	what is  cardiac mri showing?	CCR-6-134_F2	a sigmoid colon wall infiltration"
"270	what structure is surrounded by  enlarged lesions?	cro-0007-0065-g01	in  pericardial space"
"271	where is  pericardial cyst?	APC-4-68-g001	an abnormal soft tissue mass"
"272	what anatomical region is  liver abnormally extending to?	IJMR-141-129-g001	in  femoral inter condylar notch"
"273	where is  lesion located?	1752-1947-5-362-1	 lesion extending  ankle joint and  anterior soft tissue"
"274	what   mri show?	pntd.0003679.g008	part of  bowel and omentum in  chest"
"275	what   cts of  abdomen and pelvis show?	jsls-13-1-73-g01	extensive infarctions within both cerebral hemispheres"
"276	what abnormalities are show in  brain mri?	er-3-2-70-5f2	only minimal left enophthalmos"
"277	what  this abdominal ct image show?	1752-1947-5-337-1	a marked hyperintense pancreatic head mass"
"278	what   sagittal t2 weighed magnetic resonance image show?	kjs-12-207-g003	 lesion extending  ankle joint and  anterior soft tissue"
"279	what   mri show?	JPN-4-139-g002	good expansion of  residual lobes"
"280	what   chest ct show?	1477-7819-8-74-2	an heterologous cranioplasty"
"281	what is associated with  abnormality of  temporal lobe?	AJNS-9-108-g003	 presence of hemoperitoneum and a perisplenic hematoma"
"282	what   ct image show?	medi-94-e540-g001	a high grade lesion of  proximal insertion of  mcl"
"283	what  mri brain t1 and flair axial images show?	AIAN-16-88-g001	 lesion extending  ankle joint and  anterior soft tissue"
"284	what   mri show?	IJU-27-137-g002	that mass is pressing  superior vena cava"
"285	what  a preoperative chest ct show?	40792_2015_103_Fig1_HTML	 human head"
"286	what disease is showd in this ct?	1471-2466-14-65-1	nipple sign at  level of entry of  anterior ethmoid artery into  nasal cavity"
"287	what   ct vrt image of newborn show?	JCN-1-217-g005	 presence of hemoperitoneum and a perisplenic hematoma"
"288	what   ct image show?	crg-0006-0260-g01	a superior right orbital mass displacing  globe inferiorly"
"289	what   coronal sinus ct of paranasal sinuses show?	ABR-1-23-g001	 lesion extending  ankle joint and  anterior soft tissue"
"290	what   mri show?	12957_2015_562_Fig4_HTML	a liver hemangioma with abdominal pain"
"291	what   ct show?	1752-1947-5-342-3	in  femoral inter condylar notch"
"292	where is  collection located?	IJRI-23-258-g006	 anterior maxilla"
"293	what is showing situs inversus?	SJA-7-347-g002	a bony mass in  left maxillary antrum"
"294	what  ct show?	JIAPS-17-180-g001	The trial femoral head"
"295	Are  bowels found in  right hemithorax?	JIAPS-17-180-g001	a marked pancreatic ductal dilatation with large intraductal calcifications"
"296	Is this a ct contrast image?	rju09202	13 cm"
"297	what is  lesion in  dorsal pons?	cop0002-0343-f02	regional lymph node involvement"
"298	what is  peripheral nodule located?	abd-90-03-s1-0162-g02	 tumor"
"299	what  mri show at  upper cervical level?	asj-9-621-g002	of myelocystocele"
"300	is re a mass in this mri?	IndianJOphthalmol-56-327-g002	 right atrium"
"301	what is  preoperative ct demonstrating?	1746-160X-2-28-1	ct abdomen"
"302	what   axial t2-weighted image show (white arrow)?	1752-1947-7-178-2	an intense enhancible paraventricular mass"
"303	what   contrast enhanced chest ct show?	bmjopen2013004065f01	unilocular subcapsular fluid filled collection in  right lobe of  liver"
"304	what   abdominal ct show?	40064_2015_1157_Fig2_HTML	a liver hemangioma with abdominal pain"
"305	what   ct show?	rju14602	in  femoral inter condylar notch"
"306	where is  mass located?	12887_2015_356_Fig3_HTML	anterior thymus"
"307	is  lesion visible in all  mri images?	practneurol-2015-001087f06	in  right lower lobe"
"308	where is  lesion with contrast uptake located?	IJEM-17-111-g003	in  left half of  retroperitoneum"
"309	where   axial contrast-enhanced ct show  enhancing mass?	IJRI-21-176-g003	a fat density lesion with a hyperdense rim and fat stranding adjacent to  ascending colon"
"310	what   enhanced ct show?	NAJMS-2-238-g001	multiple para aortic lymphadenopathy"
"311	what   ct abdomen show?	ic-46-261-g001	collection in  gall bladder fossa closely resembling a normal gallbladder appearance"
"312	what   axial ct image show?	isd-41-107-g003	a smooth surface mass on  left side of  abdomen"
"313	what  ct images of  abdomen show?	ccrep-2-2009-001f1	a liver hemangioma with abdominal pain"
"314	what   ct show?	JETS-4-135-g001	from superior vena cava"
"315	 axial ct angiogram show any arteriovenous malformation?	JNRP-6-105-g004	metastatic lymph nodes"
"316	what  ct images show?	1477-7819-6-50-1	mri sagittal T1 sequence with gadolinium"
"317	what kind of ct view is this?	IJRI-23-287-g024	13 cm in diameter"
"318	where is  lesion located in  mri image?	rt-2013-3-e33-g003	mri sagittal T1 sequence with gadolinium"
"319	what type of image is this?	PAMJ-18-205-g001	right sided cervical adenopathy"
"320	what   reconstruction of  ct show?	TOORTHJ-8-148_F3	into  root of  neck"
"321	where are  areas of hypoattenuation visible?	IJRI-23-287-g024	in right iliopsoas region"
"322	are  rotator cuff muscles still intact?	13256_2014_3030_Fig3_HTML	asymmetrical nonspecific signals on basal ganglia"
"323	what  axial ct and mri t1 weighted image show (arrows)?	IJRI-22-298-g018	mri of  brain"
"324	what views of mri images of cervical spine are se?	1752-1947-3-92-1	bilateral symmetric increased signal within  anterior horn"
"325	what   Magnetic resonance image show?	1752-1947-6-172-2	symmetric"
"326	what   mri of  brain show?	AJNS-9-48-g001	mri sagittal T1 sequence with gadolinium"
"327	what kind of mri view is this?	FVVinObGyn-3-135-149-g008	a liver hemangioma with abdominal pain"
"328	what   ct show?	CEJU-67-00409-g004	good expansion of  residual lobes"
"329	where   chest ct show?	kjae-58-197-g002	adjacent to  ascending colon"
"330	where   mri axial view show a neurofibroma?	JPN-5-1-g004	a heterogeneous tumor involving  lower peritoneal cavity"
"331	what   t2 sagittal mri show?	1752-1947-5-137-2	a screw which protruded into  vertebral foramen without vascular penetration"
"332	In this image	IJRI-20-135-g003	a liver hemangioma with abdominal pain"
"333	what   ct show?	1749-799X-5-70-1	a liver hemangioma with abdominal pain"
"334	what   ct show?	1757-1626-0002-0000008585-005	multiple cavitary and non cavitary lung nodules"
"335	what  chest ct show?	2049-6958-8-5-1	ruptured artery supplying  interpole"
"336	what   ct angiogram show?	JPN-5-1-g005	a segmental filling defect in  superior sagittal sinus and  non visualizability of some bilateral cortical veins"
"337	what   magnetic resonance cholangiography show?	tm-01-195-e002	ct"
"338	what  axial and sagittal t2-weighted images of cervical spine show?	1752-1947-3-92-1	a liver hemangioma with abdominal pain"
"339	what   ct show?	1476-0711-3-16-2	primary RCC"
"340	where is  non-neoplastic hamartomatous lesion located?	JPN-5-59-g012	no"
"341	is re a metastatic lesion visible?	kjim-18-1-45-8f2	 narrow angle between  aorta and  sma"
"342	what  3d ct images show?	JMedLife-04-189-g004	around  lesion"
"343	where   mri show small fluid collection?	IDOJ-4-43-g004	symmetric"
"344	what   mri of  brain show?	1752-1947-5-142-3	in  femoral inter condylar notch"
"345	where is  mass located?	1757-1626-2-9325-2	at  inferior section of both parietal lobes"
"346	where   ct angiography show small emboli?	1749-8090-9-39-1	 lesion extending  ankle joint and  anterior soft tissue"
"347	what   mri show?	SNI-6-424-g003	a liver hemangioma with abdominal pain"
"348	what   ct show?	1750-1172-4-18-5	disc protrusion compressing  left s1 root"
"349	what   mri axial view show?	JPN-5-1-g004	into  root of  neck"
"350	where are  lesions in  mri located?	IJSTD-32-44-g001	well defined non homogenous density mass with central necrosis in lower part of mediastinum"
"351	what   ct of  thorax show?	1824-7288-40-35-1	an extradural mass in  left posterolateral spinal canal at  l5 s1 level"
"352	what   mid sagittal mri show?	JPN-6-152-g001	in  femoral inter condylar notch"
"353	where is  calcification located (arrow)?	s12245-014-0040-5-2	post ect subdural hematoma"
"354	what   ct of  brain show?	JCDR-3-236-g005	bilateral basal bullous emphysema"
"355	what   ct thorax show?	1757-1626-3-61-3	 anterior maxilla"
"356	what structure is  mass compressing?	AIAN-15-158-g003	in  pulmonary artery"
"357	where   ct image show calcification?	JETS-8-119-g002	a bony mass in  left maxillary antrum"
"358	what  ct show?	1752-1947-4-45-1	good expansion of  residual lobes"
"359	what   chest ct show?	13017_2015_6_Fig1_HTML	a liver hemangioma with abdominal pain"
"360	what   ct show?	1865-1380-5-34-2	a bony mass in  left maxillary antrum"
"361	what  ct show?	jcp074104.f1	 knee"
"362	is this a normal brain mri?	er-3-2-70-5f2	multiple demyelinating plaques"
"363	what   chest mri show?	1749-8090-5-115-4	bilateral internal laryngoceles"
"364	what   axial view of pet ct image show?	1532-429X-12-1-1	hypoplastic pituitary with visible stalk and absent splenium of corpus callosum"
"365	what  mri brain show?	JNRP-1-23-g002	right lower lobe scarring and left upper lobe small nodules with focal pleural thickening"
"366	what   ct of  chest show?	LI-26-95-g003	outgrowth osteophytes covering  anterior side of  vertebrae as well as local ossification of  posterior longitudinal ligament"
"367	what   axial ct show?	SNI-5-427-g001	 lesion extending  ankle joint and  anterior soft tissue"
"368	what   mri show?	1477-7819-3-62-2	a liver hemangioma with abdominal pain"
"369	what   ct show?	asj-1-102-g003	metastatic lesion to lymph node adjacent to superficial cervical plexus"
"370	what   3d ct reconstruction image show?	isd-42-111-g004	diffuse edematous changes in  superficial and deep fascia of  left leg"
"371	what   mri t2 weighted sagittal and axial images show?	AJNS-8-97-g008	 presence of a soft tissue mass arising within  muscles of  right cheek"
"372	what  axial ct show?	JGID-7-122-g004	a liver hemangioma with abdominal pain"
"373	where   ct show?	1746-1596-8-134-1	an extradural mass in  left posterolateral spinal canal at  l5 s1 level"
"374	what   sagittal t2 cervical mri show?	IJNL-12-069-g001	in  femoral inter condylar notch"
"375	where is  uptake located?	1752-1947-5-342-2	outgrowth osteophytes covering  anterior side of  vertebrae as well as local ossification of  posterior longitudinal ligament"
"376	what   axial ct show?	1758-3284-3-37-3	axial cut of repeat cervical spine"
"377	what is this ct showing?	1757-1626-3-57-2	axial cut of repeat cervical spine"
"378	what is this ct showing?	ccr30002-0159-f2	a liver hemangioma with abdominal pain"
"379	what   ct show?	AJNS-9-108-g003	on  right side"
"380	where is  mass with heterogeneous enhancement located?	crg-0008-0061-g02	a tumor mass in  left upper lobe"
"381	what  ct of  chest show?	1746-1340-16-8-3	presence of an active contrast leak "
"382	what  abdominal cts show?	kju-52-498-g001	 presence of hemoperitoneum and a perisplenic hematoma"
"383	what   ct image show?	1749-7922-2-34-1	in  region of left lobe of thyroid"
"384	  lesion show any significant enhancement?	WJNM-10-20-g003	ossified extremities of  bigger fetus"
"385	what   chest contrast enhanced ct show?	cro-0007-0065-g01	no"
"386	Is  pancreas infiltrated by a tumor or fat?	jkms-23-142-g001	a duodenal tumor"
"387	what anatomical region is shown in  ct?	rju12901	a fat density lesion with a hyperdense rim and fat stranding adjacent to  ascending colon"
"388	where   contrast enhanced ct show?	IJPD-23-121-g002	in  femoral inter condylar notch"
"389	where is  uptake located?	1752-1947-5-342-3	in  left occipital lobe"
"390	Is re fluid in  right hemithorax?	1757-1626-0002-0000008070-003	a symmetrical infiltration of  perirenal fat and of  perirenal fascia"
"391	what condition is visible in  lungs ?	1471-2334-11-358-1	2"
"392	what is  diameter of  tumor?	1477-7819-8-74-2	unilocular subcapsular fluid filled collection in  right lobe of  liver"
"393	what   abdominal ct show ?	rju09202	brain"
"394	what is this mri showing?	FVVinObGyn-3-135-149-g008	heterogeneous and varying degrees of enhancement"
"395	what  volume rendering reformatted ct image show?	1757-1626-2-9341-2	an heterologous cranioplasty"
"396	what abnormality is associated with  lesion?	gou017f2	to be inside  iliac muscle of  quadrilateral space within  pelvis"
"397	Is  cerebral edema localized or extensive?	IJPC-15-159-g001	in  thoracic spinal cord"
"398	where   axial mri show hyperintense areas?	1752-1947-6-43-2	no"
"399	Is re an epidural lesion in this ct brain image?	JNRP-4-138b-g003	unilocular subcapsular fluid filled collection in  right lobe of  liver"
"400	what   abdominal ct show?	1477-7819-9-165-1	a liver hemangioma with abdominal pain"
"401	what   ct show?	1757-1626-0002-0000008585-002	a liver hemangioma with abdominal pain"
"402	what   ct show?	1865-1380-5-34-1	at initial presentation"
"403	where is  cannular tip located in  ct image ?	kjp-23-137-g003	diffuse edematous changes in  superficial and deep fascia of  left leg"
"404	what   mri t2 weighted sagittal and axial images show?	AJNS-8-97-g009	 right hilar mass and  right sided interlobular septal thickening"
"405	what  axial contrast enhanced ct of  head show?	cop0002-0343-f02	intussusception"
"406	what is  anatomical region in this ct?	JRMS-14-135-g003	labral tear"
"407	what is shown in  weighted mri (arrow)?	practneurol-2015-001087f06	symmetric"
"408	what   mri of  brain axial	AIAN-15-158-g003	multiple demyelinating plaques"
"409	what   hip mri show?	medi-94-e446-g001	a large right sided perinephric fluid collection"
"410	what   contrast enhanced ct of  upper abdomen show?	1752-1947-5-298-2	right side lung mass lesion extending into pleura with multiple small nodules on left side"
"411	what   ct chest show?	LI-32-395-g002	 lesion extending  ankle joint and  anterior soft tissue"
"412	what   mri show?	tropmed-87-381-g001	on  left side of  aorta compressing  left renal vein"
"413	where  abdominal ct show an infiltrating mass?	1477-7819-9-165-1	a liver hemangioma with abdominal pain"
"414	what   ct show?	PG-9-22319-g002	right lower lobe scarring and left upper lobe small nodules with focal pleural thickening"
"415	what   ct of  chest show?	1752-1947-5-362-1	cord compression"
"416	what  t2 weighted mri images show?	arm-35-939-g002	lesion at tail of pancreas"
"417	what  mri show?	1746-1596-8-113-1	a dural tail sign"
"418	what   mass show?	kjhbps-16-75-g001	a cirrhotic liver with a hypointense lesion in  caudate lobe of liver"
"419	what   mri show (arrow)?	cro-0006-0472-g03	only minimal left enophthalmos"
"420	what condition  this mass represent?	1532-429X-12-1-1	on short axis slices of mri"
"421	what are  lesions located?	1752-1947-6-172-1	50% of  type iii optic nerve"
"422	what is detected by chest ct?	tcrm-11-1291Fig1	 narrow angle between  aorta and  sma"
"423	what  3d ct images show?	JMedLife-04-189-g004	nipple sign at  level of entry of  anterior ethmoid artery into  nasal cavity"
"424	what   sagittal reconstruction of ct nephrographic phase image show?	rb-48-03-0166-g08	calculus and mass"
"425	what organ is demostrated in  sagittal reconstruction of ct nephrographic phase image?	rb-48-03-0166-g08	 presence of hemoperitoneum and a perisplenic hematoma"
"426	what   ct image show?	SNI-2-31-g009	two well defined masses with central necrosis"
"427	At what vertebral level is  calcification of  longus colli muscle found?	JETS-8-119-g001	intrathoracic portosystemic collateral in  form of dilated paraesophageal veins in a case of cirrhosis"
"428	what   contrast-enhanced abdominal ct show?	IJCCM-15-134-g003	aneurysm affecting  main pulmonary artery"
"429	what   ct angiography show?	1749-8090-9-39-1	probable bone consolidation"
"430	what   ct image show (white arrow)?	12245_2015_64_Fig2_HTML	a liver hemangioma with abdominal pain"
"431	what   ct show?	1754-9493-5-2-5	symmetric"
"432	what   screening mri of  brain show?	JPN-5-59-g012	a hyper dense mass lesion "
"433	what  ct of  neck show?	IJRI-18-313-g003	 posterior arch defect"
"434	what  ct axial section show?	ijcpd-06-109-g005	unilocular subcapsular fluid filled collection in  right lobe of  liver"
"435	what   abdominal ct show?	kjim-19-1-62-12f1	on  left side of  hypoglossal foramen"
"436	Does  ct show reduced hepatic perfusion?	PG-9-22319-g002	bone marrow edema adjacent to  fibro-cartilage coalition"
"437	what anatomical structure show hyperintensity in this axial t2w mri of  brain?	IJRI-20-195-g002	hyperintensity of splenium of corpus callosum"
"438	what  mri brain t1 flair sequence show?	AJNS-6-116-g003	a heterogenously enhancing well defined mass in  left parietal lobe with surrounding edema"
"439	what   contrast enhanced axial ct image show?	JNRP-3-95-g002	within  muscles of  right cheek"
"440	where is  spinal stenosis visible?	SAS-1-2007-0114-CR-g002	outgrowth osteophytes covering  anterior side of  vertebrae as well as local ossification of  posterior longitudinal ligament"
"441	what   axial ct show?	JCIS-1-51-g017	gastric intramural air suspicious for gastric emphysema with a small amount of air in peri gastric veins"
"442	what   non-contrast ct show?	IJO-60-321-g002	 lesion extending  ankle joint and  anterior soft tissue"
"443	what   mri show?	SNI-2-31-g008	arrows in  ct abdomen"
"444	where are  nodules of neurons ectopically situated (arrows)?	tisb-2-e29431-g1	ossified extremities of  bigger fetus"
"445	what   axial contrast enhanced ct show?	IJRI-21-176-g005	a bilateral lung edema"
"446	what can be observed in  ct (arrows)?	13075_2015_698_Fig4_HTML	multiple demyelinating plaques"
"447	what   chest mri show?	1749-8090-5-115-3	 lesion extending  ankle joint and  anterior soft tissue"
"448	what   mri show?	JMP-38-41-g001	 pattern of probable bone regeneration"
"449	what   white arrow show through foramen magnum?	Tanaffos-13-043-g002	actual bleeding"
"450	what is  abdominal ct showing?	SaudiMedJ-36-252-g001	by a white line"
"451	what is  tumor associated with?	cro-0007-0065-g01	a liver hemangioma with abdominal pain"
"452	what   ct show?	1865-1380-5-34-1	a hemangioma"
"453	what is visible in  peritoneal cavity (black arrow)?	IJRI-23-258-g006	loculated fluid collection contiguous with  gluteus medius and pyriformis muscles"
"454	what   mri images of  left shoulder show?	IJSS-4-102-g003	regression of pituitary mass"
"455	what structure has  abnormality (arrow)?	medi-94-e446-g001	intramedullary abscess with rim enhancement extending from d6 to conus level"
"456	what  contrast enhanced axial t1 weighted mri show?	jocmr-03-52-g002	a bony mass in  left maxillary antrum"
"457	what  ct show?	cro-0005-0030-g02	a cirrhotic liver with a hypointense lesion in  caudate lobe of liver"
"458	what condition   mri show (arrow)?	IndianJOphthalmol-56-327-g002	right lower lobe scarring and left upper lobe small nodules with focal pleural thickening"
"459	who   ct of  chest show?	1746-1340-16-8-4	heterogenously enhancing suprarenal lesion with areas of necrosis"
"460	what  contrast enhanced chest ct show?	kjh-47-163-g010	in  femoral inter condylar notch"
"461	where is  mass located?	can-7-374fig1	a cirrhotic liver with a hypointense lesion in  caudate lobe of liver"
"462	what   lumbar spine mri show (arrow)?	1757-1626-2-9325-3	brain ct"
"463	what anatomical structure crosses between  uteri?	IJU-29-142-g003	left putaminal hemorrhage"
"464	what   Chest ct show?	kjim-20-177-g003	through  fascial defect at  left superior lumbar triangle"
"465	  ct show destruction of bone or paravertebral absecess?	asj-1-102-g003	of myelocystocele"
"466	could this mass be an abscess?	1752-1947-4-45-1	on repeated pet scanning"
"467	what structure   uteri open into?	IJU-29-142-g003	no"
"468	is re thickening of  pleura bilaterally?	2047-783X-18-7-1	a solid tumor mass in  right kidney"
"469	what   ct of  abdomen show?	jsls-7-2-159-g02	a liver hemangioma with abdominal pain"
"470	what   ct show?	JETS-3-292-g002	mri sagittal T1 sequence with gadolinium"
"471	what kind of image is this?	IJEM-17-111-g003	mri sagittal T1 sequence with gadolinium"
"472	what kind of ct view is this?	IJRI-21-215-g001	a dural tail sign"
"473	what   mass show (arrowheads)?	kjr-8-120-g004	an extradural mass in  left posterolateral spinal canal at  l5 s1 level"
"474	what   saggital section mri show?	IJEM-16-304-g002	 angle between  transepicondylar axis and  femoral component"
"475	what is showd in  ct images?	1476-7120-8-33-3	 lesion extending  ankle joint and  anterior soft tissue"
"476	what   mri show?	AIAN-15-23-g007	 lesion extending  ankle joint and  anterior soft tissue"
"477	what   mri show?	IDOJ-4-43-g003	 presence of hemoperitoneum and a perisplenic hematoma"
"478	what   ct image show?	medi-94-e540-g001	cylindrical bronchiectasis and thick bronchial walls"
"479	what   thorax ct show?	ATM-02-80-g001	an extradural mass in  left posterolateral spinal canal at  l5 s1 level"
"480	what   mid sagittal mri show?	JPN-6-152-g001	a liver hemangioma with abdominal pain"
"481	what   ct show?	1865-1380-5-34-2	metastatic lymph nodes"
"482	what  fibroids show?	JCIS-5-18-g011	at initial presentation"
"483	where is  fluid collected in  ct image?	medi-94-e861-g002	collaterals"
"484	which organs are displaced anteroinferiorly by  mass?	1757-2215-6-27-2	in  femoral inter condylar notch"
"485	where is  mass located?	1477-7819-2-41-1	in  femoral inter condylar notch"
"486	where is  mass located?	DRJ-8-114-g004	 right hemisphere"
"487	Is  mass on  right side of  heart?	40064_2014_1009_Fig3_HTML	enlarged basal cisterns and fourth ventricle"
"488	what   sagittal t2 mri image of thoracic spine show?	SNI-3-26-g003	in  white matter of both hemispheres"
"489	where are  hyperintense lesions located?	jkms-21-958-g001	a hemangioma"
"490	what abnormality is associated with  lesion (black arrow)?	cancers-03-01253f2	along  anteromedial aspect of long shaft of femur"
"491	where is  hypodense lesion located?	IJO-60-321-g002	multiple para aortic lymphadenopathy"
"492	what   ct abdomen show?	IJMR-141-129-g001	 toothbrush spanning  nasopharynx and oropharynx"
"493	what   enhancement ct show?	cnd-0005-0145-g03	30 mm in diameter"
"494	what is  measure of  mass in diameter?	kjim-18-1-45-8f2	liver cirrhosis after transarterial chemoembolization"
"495	what is  ct pulmonary angiography scan suggesting?	IJCCM-13-163-g002	outgrowth osteophytes covering  anterior side of  vertebrae as well as local ossification of  posterior longitudinal ligament"
"496	what   axial ct show?	can-8-464fig1	 presence of hemoperitoneum and a perisplenic hematoma"
"497	what   ct image show?	crg-0006-0260-g01	hyperintensity in  right optic nerve head"
"498	what   mri peritoneography show?	ndtplussfq203f01_ht	mri sagittal T1 sequence with gadolinium"
"499	what type of image is this?	JCIS-5-18-g011	right lower lobe scarring and left upper lobe small nodules with focal pleural thickening"
"500	what   ct of  chest show?	1746-1340-16-8-3	nan"
"501	nan	nan	aneurysmal dilatation of descending arch of aorta"
